file_name,timestamp,summary
chat.txt,10:34 AM,"Here are the main points from the conversation between Sarah and Mike:

* Mike's company is currently using spreadsheets for their CRM, which is time-consuming and prone to data entry errors.
* Mike estimates that he loses 5-10 hours per week to data entry.
* Sarah introduces Company X's automation feature, which can save the average user 8 hours per week.
* Mike is hesitant due to concerns about cost and integration with their email system.
* Sarah addresses these concerns by:
  * Highlighting the cost savings of the automation feature
  * Confirming that Company X's software integrates with Mike's email system
  * Offering a 5-minute screen share to demonstrate the integration
* After the screen share, Mike is impressed with the software's capabilities and agrees to try it for a month on the Pro plan.
* Sarah sends Mike an invoice and sets up an onboarding session to get him started with the new software."
human_chat.txt,Summary unavailable due to API limits.
human_chat.txt,"The conversations in the transcript appear to be casual and friendly, with individuals discussing their personal experiences, interests, and plans, often leading to meaningful connections and exchanges. The tone of the conversations is generally positive and uplifting, with a focus on building relationships and sharing experiences."
human_chat.txt,"The conversations in the transcript appear to be casual and friendly, with individuals discussing their personal experiences, interests, and plans, often leading to meaningful connections and exchanges. The tone of the conversations is generally positive and uplifting, with participants showing genuine interest in getting to know one another."
human_chat.txt,2026-02-26 19:56:25,Summary unavailable due to API limits.
human_chat.txt,2026-02-26 19:57:21,"The conversations in the transcript appear to be casual and friendly, with individuals discussing their personal experiences, interests, and plans, often leading to meaningful connections and exchanges. The tone of the conversations is generally positive and uplifting, with a focus on building relationships and sharing experiences."
chat.txt,2026-02-26 19:57:42,"The call was successful as the representative effectively addressed the customer's concerns and demonstrated the value of the product, resulting in a sale of the Pro plan. The customer, Mike, was convinced by the potential time savings and seamless integration with his existing email system, leading to a trial of the software."
human_chat.txt,2026-02-26 20:01:15,"The conversations in the transcript appear to be casual and friendly, with individuals discussing their personal experiences, interests, and plans, often leading to meaningful connections and exchanges. The tone of the conversations is generally positive and uplifting, with people showing genuine interest in getting to know one another."
human_chat.txt,2026-02-26 20:11:04,"The conversations in the transcript appear to be casual and friendly, with individuals discussing their personal experiences, interests, and plans, and often delving into deeper topics such as spirituality and human connection. Overall, the tone of the conversations is positive and engaging, with participants showing genuine interest in getting to know one another."
human_chat.txt,2026-02-26 21:54:28,"The conversations in this transcript appear to be casual and friendly, with individuals discussing their personal experiences, interests, and plans, often leading to meaningful connections and exchanges. Overall, the tone is positive and uplifting, with a focus on building relationships and exploring new experiences."
human_chat.txt,2026-02-28 17:17:56,"The conversations in the transcript appear to be casual and friendly, with individuals sharing their personal experiences and interests, and in some cases, forming connections with strangers. The discussions range from holiday experiences and meeting new people to sharing personal anecdotes and planning adventures together."
chat.txt,2026-02-28 17:21:10,"The call was successful as the representative effectively addressed the customer's concerns and demonstrated the product's value, resulting in a sale of the Pro plan. The customer, Mike, was convinced by the potential time savings and seamless integration with his existing email system, leading to a trial of the software."
human_chat.txt,2026-02-28 17:22:58,"The conversations in the transcript appear to be casual and friendly, with individuals discussing their personal experiences, interests, and plans, often leading to meaningful connections and exchanges. The tone of the conversations is generally positive and uplifting, with a focus on building relationships and sharing experiences."
